{
  "version": 1,
  "trainedAt": "2026-04-26T06:34:23.207Z",
  "nTrain": 1504,
  "nTest": 377,
  "trainAUC": 0.5558853888055935,
  "testAUC": 0.46311475409836067,
  "featureNames": [
    "bias",
    "consensus_strength",
    "TechnicalAnalyst_signed_conf",
    "PatternMatcher_signed_conf",
    "OrderFlowAnalyst_signed_conf",
    "OrderbookImbalance_signed_conf",
    "FundingRateAnalyst_signed_conf",
    "atrPct",
    "sin_hour",
    "cos_hour",
    "sin_day",
    "cos_day",
    "side",
    "is_BTC-USD",
    "is_ETH-USD",
    "is_SOL-USD",
    "n_eligible"
  ],
  "meanX": [
    0,
    0.9895982713715692,
    0.6315729481400216,
    -0.3093417553191505,
    0.33937885137445656,
    0.5333560121831612,
    -0.013267227393617019,
    0.5282664063782503,
    -0.07843045051589062,
    -0.03832375420216738,
    -0.007198665666895377,
    -0.06540118463747428,
    0.005319148936170213,
    0.28257978723404253,
    0.3470744680851064,
    0.3703457446808511,
    2.827792553191489
  ],
  "stdX": [
    1,
    0.044132118543805506,
    0.1085947010799097,
    0.3450362765557722,
    0.3502467254385977,
    0.3264838994491878,
    0.14290299673888548,
    0.2632229868638853,
    0.7090654365153973,
    0.69971862990416,
    0.711653081750716,
    0.6994431753154384,
    0.9999858532272456,
    0.45025376298350644,
    0.4760396849933247,
    0.4828972707291214,
    0.8684780767133905
  ],
  "weights": [
    -0.4901297768097305,
    0.06836791347042352,
    0.08803987585034113,
    -0.05848680771671916,
    -0.030552524506417034,
    -0.04739513491894875,
    -0.09812855166698477,
    -0.014183556976735467,
    -0.08223198625898642,
    -0.03738755247817483,
    0.05515322752471015,
    0.0005533082637763738,
    -0.06020727803897427,
    -0.05275793908585056,
    0.028564340083533774,
    0.02103284023518241,
    -0.08970486485920644
  ]
}